-- THE 'HYPER-REALISTIC' DATASET (Obscure Names, Tier 2/3 Cities)
DROP TABLE IF EXISTS Transactions;
DROP TABLE IF EXISTS Accounts;
DROP TABLE IF EXISTS Customers;
DROP TABLE IF EXISTS CardProducts;

CREATE TABLE Customers (customer_id INTEGER PRIMARY KEY, full_name TEXT, city TEXT, credit_score INTEGER);
CREATE TABLE CardProducts (product_id INTEGER PRIMARY KEY, card_name TEXT, annual_fee DECIMAL(10, 2));
CREATE TABLE Accounts (account_id INTEGER PRIMARY KEY, customer_id INTEGER, product_id INTEGER, credit_limit DECIMAL(12, 2), current_balance DECIMAL(12, 2));
CREATE TABLE Transactions (transaction_id INTEGER PRIMARY KEY, account_id INTEGER, merchant_category TEXT, amount DECIMAL(10, 2), transaction_date DATE);

INSERT INTO CardProducts VALUES (1, 'Elite Metal', 5000.00), (2, 'Rewards Pro', 1500.00), (3, 'Basic Savings', 0.00);

-- 50 Regional Customers
INSERT INTO Customers VALUES 
(101, 'Ojasvi Srivastava', 'Faridabad', 590),
(102, 'Rishab Chauhan', 'Pimpri-Chinchwad', 574),
(103, 'Manya Garg', 'Varanasi', 645),
(104, 'Niharika Kulkarni', 'Bhopal', 722),
(105, 'Kabir Patil', 'Ludhiana', 706),
(106, 'Manya Garg', 'Nashik', 658),
(107, 'Mitali Gowda', 'Kalyan-Dombivli', 758),
(108, 'Suhani Mishra', 'Ludhiana', 583),
(109, 'Tanvi Mishra', 'Aurangabad', 661),
(110, 'Manya Banerjee', 'Navi Mumbai', 688),
(111, 'Vedant Jha', 'Aurangabad', 661),
(112, 'Ira Raman', 'Lucknow', 762),
(113, 'Trisha Banerjee', 'Meerut', 576),
(114, 'Niharika Menon', 'Vasai-Virar', 710),
(115, 'Trisha Trivedi', 'Kalyan-Dombivli', 730),
(116, 'Kiaan Chauhan', 'Meerut', 759),
(117, 'Kabir Saxena', 'Kanpur', 633),
(118, 'Raghav Bhattacharya', 'Ludhiana', 676),
(119, 'Kabir Pillai', 'Allahabad', 606),
(120, 'Shreya Deshmukh', 'Coimbatore', 774),
(121, 'Shreya Patil', 'Howrah', 772),
(122, 'Vedant Bansal', 'Ludhiana', 719),
(123, 'Shaurya Gowda', 'Vasai-Virar', 770),
(124, 'Devansh Tiwari', 'Pimpri-Chinchwad', 698),
(125, 'Ira Tiwari', 'Nashik', 721),
(126, 'Reyansh Sengupta', 'Agra', 627),
(127, 'Niharika Sengupta', 'Ludhiana', 675),
(128, 'Yuvraj Shetty', 'Srinagar', 670),
(129, 'Myra Banerjee', 'Lucknow', 628),
(130, 'Myra Iyer', 'Meerut', 669),
(131, 'Siddhant Tiwari', 'Nagpur', 648),
(132, 'Yuvraj Bhardwaj', 'Srinagar', 768),
(133, 'Suhani Bhardwaj', 'Amritsar', 708),
(134, 'Niharika Gowda', 'Nashik', 807),
(135, 'Harsh Kulkarni', 'Vadodara', 738),
(136, 'Abir Trivedi', 'Nashik', 712),
(137, 'Nirvaan Bhardwaj', 'Vasai-Virar', 812),
(138, 'Ishani Srivastava', 'Kanpur', 714),
(139, 'Kritika Jha', 'Amritsar', 711),
(140, 'Harsh Chauhan', 'Coimbatore', 636),
(141, 'Raghav Raman', 'Kanpur', 725),
(142, 'Ishani Pillai', 'Vadodara', 659),
(143, 'Harsh Deshmukh', 'Bhopal', 693),
(144, 'Atharv Bhardwaj', 'Nagpur', 672),
(145, 'Tanvi Bhatt', 'Indore', 643),
(146, 'Harsh Trivedi', 'Nagpur', 736),
(147, 'Ojasvi Dubey', 'Patna', 709),
(148, 'Pranav Bansal', 'Ranchi', 667),
(149, 'Nakul Chauhan', 'Jaipur', 743),
(150, 'Tanvi Bhardwaj', 'Aurangabad', 741);

-- 50 Accounts (Messy utilization and trailing cents)
INSERT INTO Accounts VALUES 
(5001, 101, 2, 150000.00, 6.58),
(5002, 102, 3, 75000.00, 6242.96),
(5003, 103, 2, 250000.00, 11426.58),
(5004, 104, 2, 250000.00, 64260.90),
(5005, 105, 2, 150000.00, 22475.14),
(5006, 106, 1, 800000.00, 62915.27),
(5007, 107, 3, 50000.00, 5.76),
(5008, 108, 2, 100000.00, 11.02),
(5009, 109, 1, 1000000.00, 985866.94),
(5010, 110, 3, 50000.00, 1078.19),
(5011, 111, 3, 50000.00, 47559.07),
(5012, 112, 2, 100000.00, 80916.45),
(5013, 113, 2, 150000.00, 39909.57),
(5014, 114, 2, 250000.00, 24889.96),
(5015, 115, 2, 250000.00, 57962.34),
(5016, 116, 3, 40000.00, 4575.82),
(5017, 117, 2, 100000.00, 13135.12),
(5018, 118, 2, 100000.00, 8.67),
(5019, 119, 3, 75000.00, 1433.37),
(5020, 120, 3, 40000.00, 4384.89),
(5021, 121, 3, 75000.00, 27606.96),
(5022, 122, 2, 150000.00, 116956.45),
(5023, 123, 3, 50000.00, 37626.19),
(5024, 124, 2, 100000.00, 19255.64),
(5025, 125, 2, 150000.00, 19033.49),
(5026, 126, 3, 50000.00, 6735.14),
(5027, 127, 2, 100000.00, 11655.48),
(5028, 128, 3, 40000.00, 3850.99),
(5029, 129, 2, 100000.00, 18852.67),
(5030, 130, 2, 150000.00, 7781.25),
(5031, 131, 1, 1000000.00, 1.63),
(5032, 132, 1, 500000.00, 350334.01),
(5033, 133, 2, 150000.00, 8621.57),
(5034, 134, 2, 150000.00, 13492.92),
(5035, 135, 2, 100000.00, 6.03),
(5036, 136, 2, 100000.00, 2334.70),
(5037, 137, 2, 100000.00, 9050.55),
(5038, 138, 3, 75000.00, 9445.50),
(5039, 139, 3, 50000.00, 19593.80),
(5040, 140, 3, 50000.00, 8.97),
(5041, 141, 2, 250000.00, 3.91),
(5042, 142, 1, 500000.00, 11.60),
(5043, 143, 2, 250000.00, 244723.30),
(5044, 144, 3, 50000.00, 36550.13),
(5045, 145, 3, 50000.00, 37945.73),
(5046, 146, 3, 75000.00, 1.51),
(5047, 147, 2, 150000.00, 63993.46),
(5048, 148, 3, 50000.00, 5.52),
(5049, 149, 3, 40000.00, 1.20),
(5050, 150, 2, 150000.00, 14929.60);

-- 100 Transactions (7 Categories including Healthcare & E-commerce)
INSERT INTO Transactions VALUES 
(9001, 5047, 'Utilities', 196.36, '2026-04-05'),
(9002, 5015, 'Dining', 118.47, '2026-04-13'),
(9003, 5004, 'Utilities', 321.19, '2026-03-30'),
(9004, 5038, 'Electronics', 2007.46, '2026-03-11'),
(9005, 5014, 'Groceries', 564.05, '2026-04-23'),
(9006, 5017, 'Groceries', 631.01, '2026-03-21'),
(9007, 5008, 'Groceries', 130.38, '2026-04-25'),
(9008, 5002, 'Groceries', 433.97, '2026-04-28'),
(9009, 5042, 'Utilities', 279.81, '2026-03-01'),
(9010, 5050, 'Dining', 118.38, '2026-03-10'),
(9011, 5016, 'Travel', 4816.31, '2026-03-14'),
(9012, 5010, 'Healthcare', 531.03, '2026-03-23'),
(9013, 5034, 'Utilities', 261.43, '2026-03-25'),
(9014, 5013, 'E-commerce', 827.79, '2026-04-04'),
(9015, 5012, 'Groceries', 650.49, '2026-03-21'),
(9016, 5007, 'Groceries', 479.63, '2026-04-01'),
(9017, 5031, 'Groceries', 554.85, '2026-03-17'),
(9018, 5029, 'Dining', 17.49, '2026-04-23'),
(9019, 5005, 'Groceries', 520.99, '2026-03-18'),
(9020, 5040, 'Dining', 113.41, '2026-03-09'),
(9021, 5010, 'E-commerce', 672.08, '2026-03-13'),
(9022, 5040, 'Electronics', 1711.87, '2026-03-27'),
(9023, 5006, 'Groceries', 615.58, '2026-03-27'),
(9024, 5001, 'Electronics', 3075.48, '2026-03-15'),
(9025, 5003, 'Dining', 107.56, '2026-04-30'),
(9026, 5011, 'Dining', 40.76, '2026-04-04'),
(9027, 5032, 'Groceries', 41.46, '2026-04-17'),
(9028, 5005, 'Groceries', 583.75, '2026-03-19'),
(9029, 5026, 'Dining', 15.78, '2026-03-04'),
(9030, 5050, 'Dining', 47.79, '2026-04-02'),
(9031, 5012, 'Utilities', 105.28, '2026-03-03'),
(9032, 5037, 'E-commerce', 663.93, '2026-04-20'),
(9033, 5040, 'Groceries', 131.87, '2026-04-16'),
(9034, 5024, 'Groceries', 151.36, '2026-04-22'),
(9035, 5010, 'Electronics', 1764.40, '2026-03-24'),
(9036, 5020, 'Groceries', 237.56, '2026-03-26'),
(9037, 5046, 'Groceries', 75.81, '2026-03-29'),
(9038, 5032, 'Utilities', 48.87, '2026-03-13'),
(9039, 5017, 'Dining', 91.28, '2026-04-29'),
(9040, 5041, 'Groceries', 219.94, '2026-04-23'),
(9041, 5043, 'Groceries', 89.48, '2026-04-24'),
(9042, 5024, 'Dining', 15.58, '2026-04-01'),
(9043, 5050, 'Groceries', 510.84, '2026-04-19'),
(9044, 5010, 'Dining', 91.94, '2026-03-29'),
(9045, 5048, 'Utilities', 419.38, '2026-03-01'),
(9046, 5041, 'Groceries', 280.64, '2026-04-02'),
(9047, 5031, 'Groceries', 326.19, '2026-03-06'),
(9048, 5002, 'Electronics', 2939.93, '2026-03-09'),
(9049, 5036, 'E-commerce', 365.07, '2026-04-10'),
(9050, 5026, 'Groceries', 426.08, '2026-03-07'),
(9051, 5007, 'Travel', 2810.37, '2026-03-09'),
(9052, 5025, 'Healthcare', 1128.68, '2026-03-20'),
(9053, 5045, 'Groceries', 229.92, '2026-03-13'),
(9054, 5010, 'E-commerce', 811.00, '2026-03-18'),
(9055, 5014, 'Travel', 3441.15, '2026-03-20'),
(9056, 5019, 'Groceries', 277.48, '2026-03-16'),
(9057, 5027, 'Groceries', 240.77, '2026-03-03'),
(9058, 5048, 'Groceries', 560.76, '2026-03-27'),
(9059, 5017, 'Dining', 10.93, '2026-03-13'),
(9060, 5029, 'Dining', 61.02, '2026-03-03'),
(9061, 5044, 'Groceries', 461.51, '2026-04-01'),
(9062, 5018, 'Electronics', 2715.93, '2026-04-14'),
(9063, 5009, 'Healthcare', 876.31, '2026-04-22'),
(9064, 5014, 'Healthcare', 392.44, '2026-04-09'),
(9065, 5029, 'Dining', 98.79, '2026-03-18'),
(9066, 5010, 'Groceries', 530.82, '2026-03-17'),
(9067, 5039, 'Groceries', 25.44, '2026-03-05'),
(9068, 5023, 'Groceries', 298.41, '2026-03-11'),
(9069, 5034, 'Utilities', 367.91, '2026-03-19'),
(9070, 5038, 'Dining', 93.23, '2026-03-27'),
(9071, 5002, 'Groceries', 585.79, '2026-03-29'),
(9072, 5044, 'Groceries', 383.75, '2026-04-14'),
(9073, 5033, 'E-commerce', 201.05, '2026-04-27'),
(9074, 5038, 'Groceries', 409.45, '2026-03-31'),
(9075, 5018, 'Dining', 37.57, '2026-03-31'),
(9076, 5008, 'Groceries', 103.71, '2026-03-02'),
(9077, 5024, 'Dining', 49.50, '2026-04-05'),
(9078, 5011, 'Groceries', 615.87, '2026-03-14'),
(9079, 5004, 'Groceries', 357.54, '2026-03-20'),
(9080, 5006, 'Utilities', 366.59, '2026-04-30'),
(9081, 5048, 'Groceries', 231.51, '2026-03-10'),
(9082, 5032, 'Groceries', 562.42, '2026-04-11'),
(9083, 5001, 'Dining', 97.59, '2026-04-15'),
(9084, 5004, 'Dining', 65.34, '2026-03-18'),
(9085, 5012, 'Dining', 29.33, '2026-04-01'),
(9086, 5023, 'Groceries', 183.28, '2026-04-08'),
(9087, 5038, 'Utilities', 159.91, '2026-03-31'),
(9088, 5044, 'Electronics', 1831.16, '2026-03-22'),
(9089, 5039, 'E-commerce', 784.65, '2026-03-25'),
(9090, 5042, 'E-commerce', 720.70, '2026-04-26'),
(9091, 5028, 'Groceries', 456.24, '2026-04-07'),
(9092, 5050, 'Utilities', 244.81, '2026-04-11'),
(9093, 5045, 'Utilities', 269.77, '2026-03-21'),
(9094, 5047, 'Groceries', 110.55, '2026-03-15'),
(9095, 5020, 'Utilities', 76.76, '2026-04-17'),
(9096, 5047, 'Utilities', 359.77, '2026-03-22'),
(9097, 5025, 'E-commerce', 654.03, '2026-04-25'),
(9098, 5037, 'Electronics', 2155.35, '2026-04-23'),
(9099, 5025, 'E-commerce', 292.02, '2026-04-26'),
(9100, 5018, 'Utilities', 329.72, '2026-04-05');